raw_cm1,after_Zn_cm1,after_Mn_cm1,assignment
3694,3690,3698,Free O-H; also typical of Al-OH in kaolinite-type clay
3276,3284,3291,Hydrogen-bonded O-H of cellulose hemicellulose and water
2922,2900,2919,Aliphatic C-H stretching
1737,,,C=O of ester or carboxylic groups (hemicellulose pectin)
1636,1636,1636,Adsorbed water bending; asymmetric carboxylate or C=C
,1420,1420,Symmetric carboxylate stretching or CH2 bending
1364,1334,1364,C-H bending; O-H in-plane bending
1234,1245,1241,C-O stretching (acetyl groups lignin)
1148,1148,1148,C-O-C glycosidic linkage
1074,1074,,C-O stretching of polysaccharides
992,992,1006,C-O stretching (starch cellulose); Si-O of silicates also absorbs here
857,857,857,Out-of-plane bending
760,760,760,Out-of-plane bending
